{
	"parent": "item/generated",
	"texture_size": [64, 64],
	"textures": {
		"1": "wither:item/trophy",
		"particle": "wither:item/trophy"
	},
	"elements": [
		{
			"name": "backdrop",
			"from": [-6, -6, 8.055],
			"to": [22, 22, 9.055],
			"rotation": {"angle": 0, "axis": "y", "origin": [1, 1, 9.805]},
			"faces": {
				"north": {"uv": [0, 3.75, 3.5, 7.25], "texture": "#1"},
				"east": {"uv": [5, 9, 5.25, 12.5], "texture": "#1"},
				"south": {"uv": [0, 0, 3.5, 3.5], "texture": "#1"},
				"west": {"uv": [4.5, 9, 4.75, 12.5], "texture": "#1"},
				"up": {"uv": [10.25, 4, 6.75, 3.75], "rotation": 180, "texture": "#1"},
				"down": {"uv": [12.5, 7.25, 9, 7.5], "rotation": 180, "texture": "#1"}
			}
		},
		{
			"from": [-6, 22, 8.055],
			"to": [22, 24, 10.055],
			"rotation": {"angle": 0, "axis": "y", "origin": [1, 15, 9.805]},
			"faces": {
				"north": {"uv": [9.25, 0, 12.75, 0.25], "texture": "#1"},
				"east": {"uv": [9.75, 6.5, 10.25, 6.75], "texture": "#1"},
				"south": {"uv": [9, 7.75, 12.5, 8], "texture": "#1"},
				"west": {"uv": [6, 9.75, 6.5, 10], "texture": "#1"},
				"up": {"uv": [9.5, 4.75, 6, 4.25], "rotation": 180, "texture": "#1"},
				"down": {"uv": [9.5, 5, 6, 5.5], "rotation": 180, "texture": "#1"}
			}
		},
		{
			"from": [22, -8, 8.055],
			"to": [24, 24, 10.055],
			"rotation": {"angle": 0, "axis": "y", "origin": [15, 0, 9.805]},
			"faces": {
				"north": {"uv": [3, 9, 3.25, 13], "texture": "#1"},
				"east": {"uv": [4.5, 3.5, 5, 7.5], "texture": "#1"},
				"south": {"uv": [2.5, 8.75, 2.75, 12.75], "texture": "#1"},
				"west": {"uv": [3.75, 3.5, 4.25, 7.5], "texture": "#1"},
				"up": {"uv": [7, 10.25, 6.75, 9.75], "rotation": 180, "texture": "#1"},
				"down": {"uv": [7.5, 9.75, 7.25, 10.25], "rotation": 180, "texture": "#1"}
			}
		},
		{
			"from": [-8, -8, 8.055],
			"to": [-6, 24, 10.055],
			"rotation": {"angle": 0, "axis": "y", "origin": [0, 0, 9.805]},
			"faces": {
				"north": {"uv": [4, 9, 4.25, 13], "texture": "#1"},
				"east": {"uv": [6, 0, 6.5, 4], "texture": "#1"},
				"south": {"uv": [3.5, 9, 3.75, 13], "texture": "#1"},
				"west": {"uv": [5.25, 3.5, 5.75, 7.5], "texture": "#1"},
				"up": {"uv": [8, 10.25, 7.75, 9.75], "rotation": 180, "texture": "#1"},
				"down": {"uv": [8.5, 9.75, 8.25, 10.25], "rotation": 180, "texture": "#1"}
			}
		},
		{
			"from": [-6, -8, 8.055],
			"to": [22, -6, 10.055],
			"rotation": {"angle": 0, "axis": "y", "origin": [1, 0, 9.805]},
			"faces": {
				"north": {"uv": [9.25, 1, 12.75, 1.25], "texture": "#1"},
				"east": {"uv": [9.75, 8.75, 10.25, 9], "texture": "#1"},
				"south": {"uv": [9.25, 0.5, 12.75, 0.75], "texture": "#1"},
				"west": {"uv": [9.75, 8.25, 10.25, 8.5], "texture": "#1"},
				"up": {"uv": [9.5, 6.25, 6, 5.75], "rotation": 180, "texture": "#1"},
				"down": {"uv": [9.5, 6.5, 6, 7], "rotation": 180, "texture": "#1"}
			}
		},
		{
			"from": [-3.07611, 4.85372, 9.055],
			"to": [4.92389, 12.85372, 17.055],
			"rotation": {"angle": 22.5, "axis": "z", "origin": [2.5, 5.25, 9.805]},
			"faces": {
				"north": {"uv": [4.25, 7.75, 5.25, 8.75], "texture": "#1"},
				"east": {"uv": [7.75, 7.25, 8.75, 8.25], "texture": "#1"},
				"south": {"uv": [1.75, 7.5, 2.75, 8.5], "texture": "#1"},
				"west": {"uv": [3, 7.75, 4, 8.75], "texture": "#1"},
				"up": {"uv": [9, 1, 8, 0], "rotation": 180, "texture": "#1"},
				"down": {"uv": [9, 1.25, 8, 2.25], "rotation": 180, "texture": "#1"}
			}
		},
		{
			"from": [11.57611, 4.85372, 9.055],
			"to": [19.57611, 12.85372, 17.055],
			"rotation": {"angle": -22.5, "axis": "z", "origin": [13.57611, 6.85372, 11.055]},
			"faces": {
				"north": {"uv": [6.75, 8.5, 7.75, 9.5], "texture": "#1"},
				"east": {"uv": [8, 8.5, 9, 9.5], "texture": "#1"},
				"south": {"uv": [8, 2.5, 9, 3.5], "texture": "#1"},
				"west": {"uv": [5.5, 8.5, 6.5, 9.5], "texture": "#1"},
				"up": {"uv": [1, 9.75, 0, 8.75], "rotation": 180, "texture": "#1"},
				"down": {"uv": [2.25, 8.75, 1.25, 9.75], "rotation": 180, "texture": "#1"}
			}
		},
		{
			"from": [2, 7.5, 8.225],
			"to": [14, 19.5, 16.225],
			"rotation": {"angle": 0, "axis": "y", "origin": [5, 8, 9.805]},
			"faces": {
				"north": {"uv": [3.75, 1.75, 5.25, 3.25], "texture": "#1"},
				"east": {"uv": [6.75, 1.75, 7.75, 3.25], "texture": "#1"},
				"south": {"uv": [3.75, 0, 5.25, 1.5], "texture": "#1"},
				"west": {"uv": [6.75, 0, 7.75, 1.5], "texture": "#1"},
				"up": {"uv": [7.5, 8.25, 6, 7.25], "rotation": 180, "texture": "#1"},
				"down": {"uv": [1.5, 7.5, 0, 8.5], "rotation": 180, "texture": "#1"}
			}
		},
		{
			"from": [1.71941, 3.75, 9.955],
			"to": [7.71941, 5.75, 11.955],
			"rotation": {"angle": 22.5, "axis": "z", "origin": [5, 5.25, 9.805]},
			"faces": {
				"north": {"uv": [9.25, 3.25, 10, 3.5], "texture": "#1"},
				"east": {"uv": [0, 10, 0.25, 10.25], "texture": "#1"},
				"south": {"uv": [9.25, 2.75, 10, 3], "texture": "#1"},
				"west": {"uv": [8.75, 9.75, 9, 10], "texture": "#1"},
				"up": {"uv": [10, 9.75, 9.25, 9.5], "rotation": 180, "texture": "#1"},
				"down": {"uv": [10.5, 1.5, 9.75, 1.75], "rotation": 180, "texture": "#1"}
			}
		},
		{
			"from": [7, 0, 10.055],
			"to": [9, 8, 12.055],
			"rotation": {"angle": 0, "axis": "y", "origin": [7.5, 4, 9.805]},
			"faces": {
				"north": {"uv": [9.25, 1.5, 9.5, 2.5], "texture": "#1"},
				"east": {"uv": [9.25, 8.25, 9.5, 9.25], "texture": "#1"},
				"south": {"uv": [5.5, 0, 5.75, 1], "texture": "#1"},
				"west": {"uv": [5.5, 1.25, 5.75, 2.25], "texture": "#1"},
				"up": {"uv": [0.75, 10.25, 0.5, 10], "rotation": 180, "texture": "#1"},
				"down": {"uv": [1.25, 10, 1, 10.25], "rotation": 180, "texture": "#1"}
			}
		},
		{
			"from": [9, 2, 10.555],
			"to": [11.6, 3, 11.555],
			"rotation": {"angle": 0, "axis": "y", "origin": [8.5, 5, 9.805]},
			"faces": {
				"north": {"uv": [9.25, 10, 9.5, 10.25], "texture": "#1"},
				"east": {"uv": [9.75, 10, 10, 10.25], "texture": "#1"},
				"south": {"uv": [1.5, 10, 1.75, 10.25], "texture": "#1"},
				"west": {"uv": [2, 10, 2.25, 10.25], "texture": "#1"},
				"up": {"uv": [10.5, 2.75, 10.25, 2.5], "rotation": 180, "texture": "#1"},
				"down": {"uv": [10.5, 3, 10.25, 3.25], "rotation": 180, "texture": "#1"}
			}
		},
		{
			"from": [4.7, 2, 10.555],
			"to": [7.3, 3, 11.555],
			"rotation": {"angle": 0, "axis": "y", "origin": [6.5, 5, 9.805]},
			"faces": {
				"north": {"uv": [8.75, 10.25, 9, 10.5], "texture": "#1"},
				"east": {"uv": [10.25, 9.25, 10.5, 9.5], "texture": "#1"},
				"south": {"uv": [10.25, 5.75, 10.5, 6], "texture": "#1"},
				"west": {"uv": [6, 10.25, 6.25, 10.5], "texture": "#1"},
				"up": {"uv": [10.5, 10, 10.25, 9.75], "rotation": 180, "texture": "#1"},
				"down": {"uv": [10.5, 10.25, 10.25, 10.5], "rotation": 180, "texture": "#1"}
			}
		},
		{
			"from": [9, 0.75, 10.555],
			"to": [11.6, 1.75, 11.555],
			"rotation": {"angle": 0, "axis": "y", "origin": [8.5, 4.5, 9.805]},
			"faces": {
				"north": {"uv": [1, 10.5, 1.25, 10.75], "texture": "#1"},
				"east": {"uv": [1.5, 10.5, 1.75, 10.75], "texture": "#1"},
				"south": {"uv": [0, 10.5, 0.25, 10.75], "texture": "#1"},
				"west": {"uv": [0.5, 10.5, 0.75, 10.75], "texture": "#1"},
				"up": {"uv": [2.25, 10.75, 2, 10.5], "rotation": 180, "texture": "#1"},
				"down": {"uv": [10.75, 3.5, 10.5, 3.75], "rotation": 180, "texture": "#1"}
			}
		},
		{
			"from": [4.7, 0.75, 10.555],
			"to": [7.3, 1.75, 11.555],
			"rotation": {"angle": 0, "axis": "y", "origin": [6.5, 4.5, 9.805]},
			"faces": {
				"north": {"uv": [6.5, 10.5, 6.75, 10.75], "texture": "#1"},
				"east": {"uv": [10.5, 6.75, 10.75, 7], "texture": "#1"},
				"south": {"uv": [5.5, 10.5, 5.75, 10.75], "texture": "#1"},
				"west": {"uv": [10.5, 6.25, 10.75, 6.5], "texture": "#1"},
				"up": {"uv": [7.25, 10.75, 7, 10.5], "rotation": 180, "texture": "#1"},
				"down": {"uv": [7.75, 10.5, 7.5, 10.75], "rotation": 180, "texture": "#1"}
			}
		},
		{
			"from": [7, -3.20067, 9.02073],
			"to": [9, 0.79933, 11.02073],
			"rotation": {"angle": 22.5, "axis": "x", "origin": [7.5, -2.20067, 9.52073]},
			"faces": {
				"north": {"uv": [5.5, 9.75, 5.75, 10.25], "texture": "#1"},
				"east": {"uv": [9.75, 5.75, 10, 6.25], "texture": "#1"},
				"south": {"uv": [5.5, 2.5, 5.75, 3], "texture": "#1"},
				"west": {"uv": [5.5, 7.75, 5.75, 8.25], "texture": "#1"},
				"up": {"uv": [8.25, 10.75, 8, 10.5], "rotation": 180, "texture": "#1"},
				"down": {"uv": [10.75, 8.25, 10.5, 8.5], "rotation": 180, "texture": "#1"}
			}
		},
		{
			"from": [8.48059, 5, 9.955],
			"to": [14.48059, 7, 11.955],
			"rotation": {"angle": -22.5, "axis": "z", "origin": [8, 7, 9.805]},
			"faces": {
				"north": {"uv": [9.75, 4.25, 10.5, 4.5], "texture": "#1"},
				"east": {"uv": [9.25, 10.5, 9.5, 10.75], "texture": "#1"},
				"south": {"uv": [9.75, 2, 10.5, 2.25], "texture": "#1"},
				"west": {"uv": [10.5, 8.75, 10.75, 9], "texture": "#1"},
				"up": {"uv": [10.5, 5, 9.75, 4.75], "rotation": 180, "texture": "#1"},
				"down": {"uv": [10.5, 5.25, 9.75, 5.5], "rotation": 180, "texture": "#1"}
			}
		}
	],
	"display": {
		"thirdperson_righthand": {
			"translation": [0, 3.75, 0],
			"scale": [0.25, 0.25, 0.25]
		},
		"thirdperson_lefthand": {
			"translation": [0, 3.75, 0],
			"scale": [0.25, 0.25, 0.25]
		},
		"firstperson_righthand": {
			"rotation": [-13, -32, 0],
			"translation": [0.25, 3.5, 0],
			"scale": [0.25, 0.25, 0.25]
		},
		"firstperson_lefthand": {
			"rotation": [-13, -32, 0],
			"translation": [0.25, 3.5, 0],
			"scale": [0.25, 0.25, 0.25]
		},
		"ground": {
			"rotation": [0, 0, 180],
			"translation": [0, -2.5, 1],
			"scale": [0.25, 0.25, 0.25]
		},
		"gui": {
			"scale": [0.45, 0.45, 0.45]
		},
		"head": {
			"rotation": [0, 180, 0],
			"translation": [0, 7.75, -6.5],
			"scale": [0.25, 0.25, 0.25]
		}
	},
	"groups": [
		{
			"name": "frame",
			"origin": [15, 0, 7],
			"color": 0,
			"children": [
				{
					"name": "frame",
					"origin": [15, 0, 7],
					"color": 0,
					"children": [0, 1, 2, 3, 4]
				},
				{
					"name": "heads",
					"origin": [8, 8, 8],
					"color": 0,
					"children": [
						{
							"name": "small heads",
							"origin": [3, 4, 4],
							"color": 0,
							"children": [5, 6]
						},
						7
					]
				},
				{
					"name": "body",
					"origin": [7, 5, 6],
					"color": 0,
					"children": [8, 9, 10, 11, 12, 13, 14, 15]
				}
			]
		}
	]
}